YEAR Code,YEAR,AREA Code,AREA,A1101_Total population (Both sexes)[person],A110101_Total population (Male)[person],A110102_Total population (Female)[person],A1304_Ratio of population (under15 years old)[%],A1305_Ratio of population (15-64 years old)[%],A1306_Ratio of population (65 years old and over)[%],A4200_Number of deaths[person],A420001_Number of deaths (Male)[person],A420002_Number of deaths (Female)[person]
2022100000,2022,0,All Japan,"124,947,000","60,758,000","64,189,000",11.6,59.4,29,***,***,***
2022100000,2022,1000,Hokkaido,"5,140,000","2,427,000","2,714,000",10.3,56.9,32.8,***,***,***
2022100000,2022,12000,Chiba-ken,"6,266,000","3,104,000","3,162,000",11.4,60.6,28,***,***,***
2022100000,2022,13000,Tokyo-to,"14,038,000","6,889,000","7,149,000",10.9,66.3,22.8,***,***,***
2022100000,2022,26000,Kyoto-fu,"2,550,000","1,217,000","1,333,000",11.1,59.3,29.6,***,***,***
2022100000,2022,27000,Osaka-fu,"8,782,000","4,202,000","4,580,000",11.4,60.9,27.7,***,***,***
2022100000,2022,34000,Hiroshima-ken,"2,760,000","1,338,000","1,422,000",12.3,57.7,29.9,***,***,***
2022100000,2022,47000,Okinawa-ken,"1,468,000","723,000","746,000",16.3,60.2,23.5,***,***,***
2021100000,2021,0,All Japan,"125,502,000","61,019,000","64,483,000",11.8,59.4,28.9,"1,439,856","738,141","701,715"
2021100000,2021,1000,Hokkaido,"5,183,000","2,446,000","2,737,000",10.5,57,32.5,"69,023","34,652","34,371"
2021100000,2021,12000,Chiba-ken,"6,275,000","3,111,000","3,164,000",11.6,60.6,27.9,"65,244","35,279","29,965"
2021100000,2021,13000,Tokyo-to,"14,010,000","6,875,000","7,135,000",11.1,66.1,22.9,"127,649","66,583","61,066"
2021100000,2021,26000,Kyoto-fu,"2,561,000","1,223,000","1,339,000",11.3,59.1,29.6,"28,316","14,287","14,029"
2021100000,2021,27000,Osaka-fu,"8,806,000","4,216,000","4,590,000",11.6,60.7,27.7,"97,282","51,865","45,417"
2021100000,2021,34000,Hiroshima-ken,"2,780,000","1,347,000","1,432,000",12.5,57.8,29.7,"31,774","15,903","15,871"
2021100000,2021,47000,Okinawa-ken,"1,468,000","723,000","745,000",16.5,60.4,23.1,"13,582","7,256","6,326"
2020100000,2020,0,All Japan,"126,146,099","61,349,581","64,796,518",12.1,59.2,28.7,"1,372,755","706,834","665,921"
2020100000,2020,1000,Hokkaido,"5,224,614","2,465,088","2,759,526",10.8,57,32.2,"65,078","32,794","32,284"
2020100000,2020,12000,Chiba-ken,"6,284,480","3,117,987","3,166,493",11.9,60.4,27.6,"62,118","33,803","28,315"
2020100000,2020,13000,Tokyo-to,"14,047,594","6,898,388","7,149,206",11.5,65.7,22.8,"121,219","63,512","57,707"
2020100000,2020,26000,Kyoto-fu,"2,578,087","1,231,468","1,346,619",11.8,58.8,29.4,"26,860","13,718","13,142"
2020100000,2020,27000,Osaka-fu,"8,837,685","4,235,956","4,601,729",12,60.5,27.5,"91,644","49,011","42,633"
2020100000,2020,34000,Hiroshima-ken,"2,799,702","1,357,156","1,442,546",12.8,57.6,29.6,"30,244","15,258","14,986"
2020100000,2020,47000,Okinawa-ken,"1,467,480","722,812","744,668",16.9,60.5,22.6,"12,390","6,703","5,687"
2019100000,2019,0,All Japan,"126,555,000","61,588,000","64,967,000",12.1,59.5,28.4,"1,381,093","707,421","673,672"
2019100000,2019,1000,Hokkaido,"5,259,000","2,480,000","2,780,000",10.8,57.4,31.9,"65,498","33,134","32,364"
2019100000,2019,12000,Chiba-ken,"6,283,000","3,120,000","3,162,000",11.8,60.3,27.9,"62,004","33,522","28,482"
2019100000,2019,13000,Tokyo-to,"14,007,000","6,889,000","7,118,000",11.2,65.8,23.1,"120,870","63,222","57,648"
2019100000,2019,26000,Kyoto-fu,"2,592,000","1,239,000","1,353,000",11.6,59.3,29.1,"27,028","13,645","13,383"
2019100000,2019,27000,Osaka-fu,"8,842,000","4,243,000","4,599,000",11.8,60.5,27.6,"90,410","48,057","42,353"
2019100000,2019,34000,Hiroshima-ken,"2,813,000","1,364,000","1,449,000",12.8,57.9,29.3,"31,237","15,680","15,557"
2019100000,2019,47000,Okinawa-ken,"1,462,000","719,000","742,000",16.9,60.9,22.2,"12,509","6,767","5,742"
2018100000,2018,0,All Japan,"126,749,000","61,673,000","65,076,000",12.2,59.7,28.1,"1,362,470","699,138","663,332"
2018100000,2018,1000,Hokkaido,"5,293,000","2,495,000","2,798,000",10.9,57.7,31.3,"64,187","32,757","31,430"
2018100000,2018,12000,Chiba-ken,"6,273,000","3,117,000","3,156,000",12,60.5,27.5,"59,561","32,209","27,352"
2018100000,2018,13000,Tokyo-to,"13,887,000","6,835,000","7,053,000",11.2,65.7,23.1,"119,253","62,466","56,787"
2018100000,2018,26000,Kyoto-fu,"2,598,000","1,241,000","1,356,000",11.7,59.4,28.9,"26,654","13,516","13,138"
2018100000,2018,27000,Osaka-fu,"8,838,000","4,245,000","4,594,000",12,60.6,27.5,"89,494","47,684","41,810"
2018100000,2018,34000,Hiroshima-ken,"2,824,000","1,369,000","1,455,000",12.9,58.1,29,"31,346","15,816","15,530"
2018100000,2018,47000,Okinawa-ken,"1,454,000","715,000","739,000",17,61.4,21.6,"12,157","6,311","5,846"
2017100000,2017,0,All Japan,"126,919,000","61,753,000","65,165,000",12.3,60,27.7,"1,340,567","690,770","649,797"
2017100000,2017,1000,Hokkaido,"5,325,000","2,510,000","2,815,000",11.1,58.3,30.7,"62,451","32,012","30,439"
2017100000,2017,12000,Chiba-ken,"6,258,000","3,111,000","3,147,000",12.1,60.8,27.1,"59,013","31,981","27,032"
2017100000,2017,13000,Tokyo-to,"13,768,000","6,782,000","6,985,000",11.2,65.7,23,"116,453","61,473","54,980"
2017100000,2017,26000,Kyoto-fu,"2,604,000","1,245,000","1,359,000",11.9,59.6,28.6,"26,431","13,288","13,143"
2017100000,2017,27000,Osaka-fu,"8,841,000","4,249,000","4,591,000",12.1,60.7,27.2,"87,086","46,439","40,647"
2017100000,2017,34000,Hiroshima-ken,"2,833,000","1,373,000","1,460,000",13,58.4,28.6,"30,795","15,450","15,345"
2017100000,2017,47000,Okinawa-ken,"1,448,000","712,000","736,000",17.1,61.9,21,"11,945","6,415","5,530"
2016100000,2016,0,All Japan,"127,042,000","61,816,000","65,226,000",12.4,60.3,27.3,"1,308,158","674,946","633,212"
2016100000,2016,1000,Hokkaido,"5,355,000","2,523,000","2,831,000",11.2,58.9,29.9,"61,920","32,079","29,841"
2016100000,2016,12000,Chiba-ken,"6,242,000","3,104,000","3,138,000",12.2,61.2,26.5,"56,398","30,737","25,661"
2016100000,2016,13000,Tokyo-to,"13,646,000","6,728,000","6,918,000",11.3,65.8,22.9,"113,415","59,824","53,591"
2016100000,2016,26000,Kyoto-fu,"2,608,000","1,247,000","1,361,000",12,59.9,28.1,"25,830","13,117","12,713"
2016100000,2016,27000,Osaka-fu,"8,841,000","4,254,000","4,588,000",12.3,60.9,26.8,"84,391","45,092","39,299"
2016100000,2016,34000,Hiroshima-ken,"2,840,000","1,376,000","1,464,000",13.1,58.7,28.2,"29,994","15,027","14,967"
2016100000,2016,47000,Okinawa-ken,"1,442,000","709,000","733,000",17.2,62.4,20.4,"11,706","6,300","5,406"
2015100000,2015,0,All Japan,"127,094,745","61,841,738","65,253,007",12.6,60.7,26.6,"1,290,510","666,728","623,782"
2015100000,2015,1000,Hokkaido,"5,381,733","2,537,089","2,844,644",11.4,59.6,29.1,"60,667","31,391","29,276"
2015100000,2015,12000,Chiba-ken,"6,222,666","3,095,860","3,126,806",12.4,61.7,25.9,"56,080","30,309","25,771"
2015100000,2015,13000,Tokyo-to,"13,515,271","6,666,690","6,848,581",11.5,65.9,22.7,"111,673","59,164","52,509"
2015100000,2015,26000,Kyoto-fu,"2,610,353","1,248,972","1,361,381",12.3,60.2,27.5,"25,495","12,905","12,590"
2015100000,2015,27000,Osaka-fu,"8,839,469","4,256,049","4,583,420",12.5,61.3,26.1,"83,577","44,779","38,798"
2015100000,2015,34000,Hiroshima-ken,"2,843,990","1,376,211","1,467,779",13.4,59.1,27.5,"29,880","15,022","14,858"
2015100000,2015,47000,Okinawa-ken,"1,433,566","704,619","728,947",17.4,62.9,19.6,"11,326","5,992","5,334"
2014100000,2014,0,All Japan,"127,237,000","61,901,000","65,336,000",12.8,61.3,26,"1,273,025","660,340","612,685"
2014100000,2014,1000,Hokkaido,"5,410,000","2,551,000","2,859,000",11.5,60.4,28.1,"60,019","31,333","28,686"
2014100000,2014,12000,Chiba-ken,"6,209,000","3,089,000","3,119,000",12.6,62.1,25.3,"53,978","28,945","25,033"
2014100000,2014,13000,Tokyo-to,"13,399,000","6,612,000","6,788,000",11.3,66.2,22.5,"111,024","58,865","52,159"
2014100000,2014,26000,Kyoto-fu,"2,616,000","1,252,000","1,363,000",12.4,60.8,26.9,"25,507","12,872","12,635"
2014100000,2014,27000,Osaka-fu,"8,845,000","4,262,000","4,583,000",12.7,61.6,25.7,"81,653","43,783","37,870"
2014100000,2014,34000,Hiroshima-ken,"2,846,000","1,376,000","1,471,000",13.3,59.5,27.1,"29,463","14,898","14,565"
2014100000,2014,47000,Okinawa-ken,"1,426,000","700,000","725,000",17.5,63.5,19,"11,362","6,052","5,310"
2013100000,2013,0,All Japan,"127,414,000","61,985,000","65,429,000",12.9,62.1,25.1,"1,268,438","658,685","609,753"
2013100000,2013,1000,Hokkaido,"5,438,000","2,565,000","2,873,000",11.6,61.4,27,"59,432","30,976","28,456"
2013100000,2013,12000,Chiba-ken,"6,201,000","3,085,000","3,116,000",12.7,63,24.3,"53,603","29,062","24,541"
2013100000,2013,13000,Tokyo-to,"13,307,000","6,569,000","6,738,000",11.3,66.8,21.9,"110,507","58,810","51,697"
2013100000,2013,26000,Kyoto-fu,"2,622,000","1,256,000","1,366,000",12.5,61.7,25.8,"25,332","12,822","12,510"
2013100000,2013,27000,Osaka-fu,"8,856,000","4,271,000","4,585,000",12.9,62.5,24.7,"81,864","43,932","37,932"
2013100000,2013,34000,Hiroshima-ken,"2,850,000","1,376,000","1,473,000",13.4,60.4,26.2,"29,358","14,977","14,381"
2013100000,2013,47000,Okinawa-ken,"1,419,000","697,000","722,000",17.6,64,18.4,"10,956","5,769","5,187"
2012100000,2012,0,All Japan,"127,593,000","62,080,000","65,513,000",13,62.9,24.1,"1,256,359","655,526","600,833"
2012100000,2012,1000,Hokkaido,"5,465,000","2,580,000","2,886,000",11.7,62.2,26,"58,066","30,834","27,232"
2012100000,2012,12000,Chiba-ken,"6,200,000","3,087,000","3,113,000",12.8,64,23.2,"53,206","28,934","24,272"
2012100000,2012,13000,Tokyo-to,"13,234,000","6,538,000","6,697,000",11.3,67.5,21.3,"109,194","58,203","50,991"
2012100000,2012,26000,Kyoto-fu,"2,628,000","1,260,000","1,368,000",12.6,62.7,24.7,"25,416","12,828","12,588"
2012100000,2012,27000,Osaka-fu,"8,861,000","4,277,000","4,584,000",13,63.3,23.7,"80,472","43,006","37,466"
2012100000,2012,34000,Hiroshima-ken,"2,855,000","1,379,000","1,476,000",13.5,61.3,25.3,"29,273","15,008","14,265"
2012100000,2012,47000,Okinawa-ken,"1,411,000","693,000","719,000",17.6,64.6,17.7,"10,626","5,637","4,989"
2011100000,2011,0,All Japan,"127,834,000","62,207,000","65,627,000",13.1,63.6,23.3,"1,253,068","656,542","596,526"
2011100000,2011,1000,Hokkaido,"5,488,000","2,593,000","2,896,000",11.8,63,25.2,"56,970","30,295","26,675"
2011100000,2011,12000,Chiba-ken,"6,217,000","3,097,000","3,120,000",12.9,65.1,22,"51,689","28,008","23,681"
2011100000,2011,13000,Tokyo-to,"13,198,000","6,524,000","6,674,000",11.3,68.1,20.6,"105,723","56,613","49,110"
2011100000,2011,26000,Kyoto-fu,"2,633,000","1,263,000","1,370,000",12.7,63.6,23.7,"24,733","12,540","12,193"
2011100000,2011,27000,Osaka-fu,"8,863,000","4,281,000","4,582,000",13.1,64.2,22.7,"78,952","42,528","36,424"
2011100000,2011,34000,Hiroshima-ken,"2,858,000","1,380,000","1,478,000",13.5,62.2,24.3,"28,608","14,787","13,821"
2011100000,2011,47000,Okinawa-ken,"1,402,000","688,000","714,000",17.7,65.1,17.3,"10,686","5,720","4,966"
2010100000,2010,0,All Japan,"128,057,352","62,327,737","65,729,615",13.2,63.8,23,"1,197,014","633,701","563,313"
2010100000,2010,1000,Hokkaido,"5,506,419","2,603,345","2,903,074",12,63.3,24.7,"55,404","29,845","25,559"
2010100000,2010,12000,Chiba-ken,"6,216,289","3,098,139","3,118,150",13,65.4,21.5,"50,014","27,319","22,695"
2010100000,2010,13000,Tokyo-to,"13,159,388","6,512,110","6,647,278",11.4,68.2,20.4,"104,238","56,443","47,795"
2010100000,2010,26000,Kyoto-fu,"2,636,092","1,265,387","1,370,705",12.9,63.8,23.4,"23,714","12,038","11,676"
2010100000,2010,27000,Osaka-fu,"8,865,245","4,285,566","4,579,679",13.3,64.4,22.4,"76,556","41,641","34,915"
2010100000,2010,34000,Hiroshima-ken,"2,860,750","1,380,671","1,480,079",13.7,62.4,23.9,"27,561","14,384","13,177"
2010100000,2010,47000,Okinawa-ken,"1,392,818","683,328","709,490",17.8,64.8,17.4,"10,156","5,416","4,740"
2009100000,2009,0,All Japan,"128,032,000","62,358,000","65,674,000",13.3,63.9,22.7,"1,141,865","609,042","532,823"
2009100000,2009,1000,Hokkaido,"5,524,000","2,612,000","2,911,000",12,63.7,24.2,"53,221","28,871","24,350"
2009100000,2009,12000,Chiba-ken,"6,180,000","3,083,000","3,097,000",13.3,65.7,21,"47,819","26,517","21,302"
2009100000,2009,13000,Tokyo-to,"13,048,000","6,471,000","6,577,000",11.9,67.3,20.9,"98,304","53,549","44,755"
2009100000,2009,26000,Kyoto-fu,"2,637,000","1,266,000","1,371,000",13.2,63.7,23.1,"23,191","12,013","11,178"
2009100000,2009,27000,Osaka-fu,"8,855,000","4,284,000","4,571,000",13.7,64.3,22,"73,135","40,067","33,068"
2009100000,2009,34000,Hiroshima-ken,"2,864,000","1,383,000","1,481,000",13.7,62.7,23.7,"26,992","14,022","12,970"
2009100000,2009,47000,Okinawa-ken,"1,385,000","679,000","706,000",17.7,64.8,17.5,"9,923","5,370","4,553"
2008100000,2008,0,All Japan,"128,084,000","62,422,000","65,662,000",13.5,64.5,22.1,"1,142,407","608,711","533,696"
2008100000,2008,1000,Hokkaido,"5,548,000","2,626,000","2,922,000",12.2,64.2,23.6,"52,955","28,713","24,242"
2008100000,2008,12000,Chiba-ken,"6,153,000","3,071,000","3,082,000",13.4,66.5,20.1,"47,149","25,811","21,338"
2008100000,2008,13000,Tokyo-to,"12,973,000","6,444,000","6,529,000",11.8,67.9,20.2,"98,248","53,289","44,959"
2008100000,2008,26000,Kyoto-fu,"2,640,000","1,268,000","1,372,000",13.2,64.4,22.4,"23,015","11,940","11,075"
2008100000,2008,27000,Osaka-fu,"8,847,000","4,283,000","4,564,000",13.8,65,21.2,"72,930","39,777","33,153"
2008100000,2008,34000,Hiroshima-ken,"2,870,000","1,386,000","1,483,000",13.7,63.3,23,"27,150","14,211","12,939"
2008100000,2008,47000,Okinawa-ken,"1,378,000","675,000","703,000",17.9,64.9,17.2,"9,492","5,196","4,296"
2007100000,2007,0,All Japan,"128,033,000","62,424,000","65,608,000",13.5,65,21.5,"1,108,334","592,784","515,550"
2007100000,2007,1000,Hokkaido,"5,579,000","2,644,000","2,935,000",12.4,64.8,22.9,"51,456","28,142","23,314"
2007100000,2007,12000,Chiba-ken,"6,119,000","3,056,000","3,063,000",13.4,67.3,19.3,"45,473","25,197","20,276"
2007100000,2007,13000,Tokyo-to,"12,848,000","6,388,000","6,461,000",11.7,68.6,19.7,"96,354","52,202","44,152"
2007100000,2007,26000,Kyoto-fu,"2,643,000","1,270,000","1,373,000",13.2,65.1,21.7,"22,619","11,682","10,937"
2007100000,2007,27000,Osaka-fu,"8,839,000","4,282,000","4,557,000",13.8,65.7,20.5,"70,283","38,346","31,937"
2007100000,2007,34000,Hiroshima-ken,"2,874,000","1,389,000","1,485,000",13.8,63.8,22.4,"26,070","13,623","12,447"
2007100000,2007,47000,Okinawa-ken,"1,374,000","674,000","700,000",18.1,65,16.9,"9,399","5,049","4,350"
2006100000,2006,0,All Japan,"127,901,000","62,387,000","65,514,000",13.6,65.5,20.8,"1,084,450","581,370","503,080"
2006100000,2006,1000,Hokkaido,"5,605,000","2,661,000","2,944,000",12.6,65.3,22.2,"50,229","27,519","22,710"
2006100000,2006,12000,Chiba-ken,"6,084,000","3,041,000","3,043,000",13.5,68.1,18.4,"44,778","24,628","20,150"
2006100000,2006,13000,Tokyo-to,"12,704,000","6,322,000","6,382,000",11.6,69.3,19.1,"93,596","50,908","42,688"
2006100000,2006,26000,Kyoto-fu,"2,646,000","1,272,000","1,374,000",13.2,65.9,20.9,"22,419","11,488","10,931"
2006100000,2006,27000,Osaka-fu,"8,828,000","4,281,000","4,547,000",13.8,66.6,19.6,"69,007","37,664","31,343"
2006100000,2006,34000,Hiroshima-ken,"2,875,000","1,389,000","1,486,000",13.9,64.4,21.7,"25,722","13,621","12,101"
2006100000,2006,47000,Okinawa-ken,"1,369,000","672,000","697,000",18.4,65.1,16.5,"9,121","4,849","4,272"
2005100000,2005,0,All Japan,"127,767,994","62,348,977","65,419,017",13.7,65.8,20.1,"1,083,796","584,970","498,826"
2005100000,2005,1000,Hokkaido,"5,627,737","2,675,033","2,952,704",12.8,65.7,21.4,"49,982","27,800","22,182"
2005100000,2005,12000,Chiba-ken,"6,056,462","3,029,486","3,026,976",13.5,68.6,17.5,"44,021","24,425","19,596"
2005100000,2005,13000,Tokyo-to,"12,576,601","6,264,895","6,311,706",11.3,69.1,18.3,"93,599","51,265","42,334"
2005100000,2005,26000,Kyoto-fu,"2,647,660","1,272,993","1,374,667",13,66.3,20,"22,134","11,435","10,699"
2005100000,2005,27000,Osaka-fu,"8,817,166","4,280,622","4,536,544",13.7,67.1,18.5,"68,648","37,664","30,984"
2005100000,2005,34000,Hiroshima-ken,"2,876,642","1,390,190","1,486,452",14,64.6,20.9,"25,579","13,702","11,877"
2005100000,2005,47000,Okinawa-ken,"1,361,594","668,502","693,092",18.7,65.2,16.1,"9,021","4,779","4,242"
2004100000,2004,0,All Japan,"127,787,000","62,380,000","65,407,000",***,***,***,"1,028,602","557,097","471,505"
2004100000,2004,1000,Hokkaido,"5,650,000","2,691,000","2,959,000",***,***,***,"47,335","26,372","20,963"
2004100000,2004,12000,Chiba-ken,"6,047,000","3,027,000","3,020,000",***,***,***,"41,641","23,304","18,337"
2004100000,2004,13000,Tokyo-to,"12,482,000","6,218,000","6,265,000",***,***,***,"88,767","48,465","40,302"
2004100000,2004,26000,Kyoto-fu,"2,650,000","1,275,000","1,375,000",***,***,***,"21,129","10,965","10,164"
2004100000,2004,27000,Osaka-fu,"8,825,000","4,290,000","4,536,000",***,***,***,"65,160","35,998","29,162"
2004100000,2004,34000,Hiroshima-ken,"2,879,000","1,391,000","1,488,000",***,***,***,"24,435","13,036","11,399"
2004100000,2004,47000,Okinawa-ken,"1,353,000","665,000","689,000",***,***,***,"8,610","4,735","3,875"
2003100000,2003,0,All Japan,"127,694,000","62,368,000","65,326,000",***,***,***,"1,014,951","551,746","463,205"
2003100000,2003,1000,Hokkaido,"5,663,000","2,700,000","2,963,000",***,***,***,"46,247","25,524","20,723"
2003100000,2003,12000,Chiba-ken,"6,030,000","3,021,000","3,009,000",***,***,***,"40,579","22,783","17,796"
2003100000,2003,13000,Tokyo-to,"12,388,000","6,173,000","6,216,000",***,***,***,"87,500","48,128","39,372"
2003100000,2003,26000,Kyoto-fu,"2,650,000","1,276,000","1,374,000",***,***,***,"20,669","10,871","9,798"
2003100000,2003,27000,Osaka-fu,"8,824,000","4,295,000","4,529,000",***,***,***,"64,405","35,742","28,663"
2003100000,2003,34000,Hiroshima-ken,"2,879,000","1,391,000","1,488,000",***,***,***,"24,290","12,993","11,297"
2003100000,2003,47000,Okinawa-ken,"1,345,000","661,000","684,000",***,***,***,"8,433","4,561","3,872"
2002100000,2002,0,All Japan,"127,486,000","62,295,000","65,190,000",***,***,***,"982,379","535,305","447,074"
2002100000,2002,1000,Hokkaido,"5,672,000","2,708,000","2,964,000",***,***,***,"44,328","24,941","19,387"
2002100000,2002,12000,Chiba-ken,"5,998,000","3,008,000","2,990,000",***,***,***,"39,748","22,071","17,677"
2002100000,2002,13000,Tokyo-to,"12,271,000","6,116,000","6,155,000",***,***,***,"85,162","46,936","38,226"
2002100000,2002,26000,Kyoto-fu,"2,648,000","1,276,000","1,372,000",***,***,***,"20,320","10,767","9,553"
2002100000,2002,27000,Osaka-fu,"8,821,000","4,299,000","4,522,000",***,***,***,"62,099","34,444","27,655"
2002100000,2002,34000,Hiroshima-ken,"2,878,000","1,391,000","1,487,000",***,***,***,"23,468","12,758","10,710"
2002100000,2002,47000,Okinawa-ken,"1,336,000","657,000","679,000",***,***,***,"8,037","4,338","3,699"
2001100000,2001,0,All Japan,"127,316,000","62,265,000","65,051,000",***,***,***,"970,331","528,768","441,563"
2001100000,2001,1000,Hokkaido,"5,680,000","2,715,000","2,966,000",***,***,***,"43,642","24,506","19,136"
2001100000,2001,12000,Chiba-ken,"5,970,000","2,997,000","2,973,000",***,***,***,"37,810","20,983","16,827"
2001100000,2001,13000,Tokyo-to,"12,165,000","6,066,000","6,098,000",***,***,***,"84,586","46,661","37,925"
2001100000,2001,26000,Kyoto-fu,"2,649,000","1,279,000","1,370,000",***,***,***,"20,028","10,544","9,484"
2001100000,2001,27000,Osaka-fu,"8,821,000","4,305,000","4,515,000",***,***,***,"61,708","34,343","27,365"
2001100000,2001,34000,Hiroshima-ken,"2,880,000","1,392,000","1,487,000",***,***,***,"23,431","12,707","10,724"
2001100000,2001,47000,Okinawa-ken,"1,327,000","652,000","675,000",***,***,***,"8,132","4,335","3,797"
2000100000,2000,0,All Japan,"126,925,843","62,110,764","64,815,079",***,***,***,"961,653","525,903","435,750"
2000100000,2000,1000,Hokkaido,"5,683,062","2,719,389","2,963,673",***,***,***,"43,407","24,528","18,879"
2000100000,2000,12000,Chiba-ken,"5,926,285","2,976,984","2,949,301",***,***,***,"37,238","20,846","16,392"
2000100000,2000,13000,Tokyo-to,"12,064,101","6,028,562","6,035,539",***,***,***,"83,849","46,409","37,440"
2000100000,2000,26000,Kyoto-fu,"2,644,391","1,278,142","1,366,249",***,***,***,"20,233","10,721","9,512"
2000100000,2000,27000,Osaka-fu,"8,805,081","4,304,059","4,501,022",***,***,***,"61,315","34,139","27,176"
2000100000,2000,34000,Hiroshima-ken,"2,878,915","1,392,496","1,486,419",***,***,***,"23,188","12,692","10,496"
2000100000,2000,47000,Okinawa-ken,"1,318,220","647,877","670,343",***,***,***,"7,946","4,383","3,563"
1999100000,1999,0,All Japan,"126,667,000","62,017,000","64,650,000",***,***,***,"982,031","534,778","447,253"
1999100000,1999,1000,Hokkaido,"5,689,000","2,725,000","2,964,000",***,***,***,"44,414","24,858","19,556"
1999100000,1999,12000,Chiba-ken,"5,893,000","2,964,000","2,930,000",***,***,***,"38,278","21,268","17,010"
1999100000,1999,13000,Tokyo-to,"11,983,000","5,996,000","5,988,000",***,***,***,"85,427","46,950","38,477"
1999100000,1999,26000,Kyoto-fu,"2,645,000","1,279,000","1,366,000",***,***,***,"20,690","10,841","9,849"
1999100000,1999,27000,Osaka-fu,"8,813,000","4,312,000","4,500,000",***,***,***,"61,724","34,206","27,518"
1999100000,1999,34000,Hiroshima-ken,"2,881,000","1,395,000","1,486,000",***,***,***,"23,735","12,932","10,803"
1999100000,1999,47000,Okinawa-ken,"1,308,000","642,000","665,000",***,***,***,"7,880","4,243","3,637"
1998100000,1998,0,All Japan,"126,472,000","61,952,000","64,520,000",***,***,***,"936,484","512,128","424,356"
1998100000,1998,1000,Hokkaido,"5,695,000","2,731,000","2,964,000",***,***,***,"41,755","23,571","18,184"
1998100000,1998,12000,Chiba-ken,"5,867,000","2,951,000","2,915,000",***,***,***,"36,410","20,195","16,215"
1998100000,1998,13000,Tokyo-to,"11,939,000","5,982,000","5,957,000",***,***,***,"80,793","44,653","36,140"
1998100000,1998,26000,Kyoto-fu,"2,643,000","1,280,000","1,363,000",***,***,***,"19,868","10,531","9,337"
1998100000,1998,27000,Osaka-fu,"8,813,000","4,317,000","4,496,000",***,***,***,"59,647","33,285","26,362"
1998100000,1998,34000,Hiroshima-ken,"2,882,000","1,396,000","1,486,000",***,***,***,"22,705","12,408","10,297"
1998100000,1998,47000,Okinawa-ken,"1,298,000","637,000","661,000",***,***,***,"7,643","4,081","3,562"
1997100000,1997,0,All Japan,"126,157,000","61,827,000","64,329,000",***,***,***,"913,402","497,796","415,606"
1997100000,1997,1000,Hokkaido,"5,699,000","2,736,000","2,962,000",***,***,***,"41,238","23,211","18,027"
1997100000,1997,12000,Chiba-ken,"5,839,000","2,940,000","2,899,000",***,***,***,"34,662","19,295","15,367"
1997100000,1997,13000,Tokyo-to,"11,881,000","5,958,000","5,923,000",***,***,***,"78,744","43,548","35,196"
1997100000,1997,26000,Kyoto-fu,"2,638,000","1,279,000","1,359,000",***,***,***,"19,239","10,090","9,149"
1997100000,1997,27000,Osaka-fu,"8,808,000","4,320,000","4,487,000",***,***,***,"57,864","32,103","25,761"
1997100000,1997,34000,Hiroshima-ken,"2,882,000","1,396,000","1,485,000",***,***,***,"22,425","12,120","10,305"
1997100000,1997,47000,Okinawa-ken,"1,289,000","633,000","657,000",***,***,***,"7,381","3,932","3,449"
1996100000,1996,0,All Japan,"125,859,000","61,698,000","64,161,000",***,***,***,"896,211","488,605","407,606"
1996100000,1996,1000,Hokkaido,"5,697,000","2,738,000","2,960,000",***,***,***,"40,742","22,910","17,832"
1996100000,1996,12000,Chiba-ken,"5,817,000","2,932,000","2,886,000",***,***,***,"33,939","18,899","15,040"
1996100000,1996,13000,Tokyo-to,"11,808,000","5,915,000","5,893,000",***,***,***,"77,356","42,696","34,660"
1996100000,1996,26000,Kyoto-fu,"2,634,000","1,279,000","1,356,000",***,***,***,"19,068","10,014","9,054"
1996100000,1996,27000,Osaka-fu,"8,807,000","4,324,000","4,482,000",***,***,***,"57,187","31,408","25,779"
1996100000,1996,34000,Hiroshima-ken,"2,881,000","1,397,000","1,484,000",***,***,***,"21,736","11,936","9,800"
1996100000,1996,47000,Okinawa-ken,"1,282,000","629,000","653,000",***,***,***,"7,038","3,763","3,275"
1995100000,1995,0,All Japan,"125,570,246","61,574,398","63,995,848",***,***,***,"922,139","501,276","420,863"
1995100000,1995,1000,Hokkaido,"5,692,321","2,736,844","2,955,477",***,***,***,"40,678","22,945","17,733"
1995100000,1995,12000,Chiba-ken,"5,797,782","2,923,839","2,873,943",***,***,***,"34,317","19,081","15,236"
1995100000,1995,13000,Tokyo-to,"11,773,605","5,892,704","5,880,901",***,***,***,"78,651","43,286","35,365"
1995100000,1995,26000,Kyoto-fu,"2,629,592","1,276,838","1,352,754",***,***,***,"19,321","10,300","9,021"
1995100000,1995,27000,Osaka-fu,"8,797,268","4,321,575","4,475,693",***,***,***,"58,255","32,011","26,244"
1995100000,1995,34000,Hiroshima-ken,"2,881,748","1,398,986","1,482,762",***,***,***,"22,650","12,449","10,201"
1995100000,1995,47000,Okinawa-ken,"1,273,440","624,737","648,703",***,***,***,"7,283","3,937","3,346"
1994100000,1994,0,All Japan,"125,265,000","61,446,000","63,819,000",***,***,***,"875,933","476,080","399,853"
1994100000,1994,1000,Hokkaido,"5,681,000","2,732,000","2,949,000",***,***,***,"38,939","22,078","16,861"
1994100000,1994,12000,Chiba-ken,"5,767,000","2,910,000","2,857,000",***,***,***,"32,687","18,130","14,557"
1994100000,1994,13000,Tokyo-to,"11,796,000","5,912,000","5,884,000",***,***,***,"75,299","41,306","33,993"
1994100000,1994,26000,Kyoto-fu,"2,622,000","1,274,000","1,348,000",***,***,***,"18,821","9,664","9,157"
1994100000,1994,27000,Osaka-fu,"8,759,000","4,305,000","4,454,000",***,***,***,"55,741","30,785","24,956"
1994100000,1994,34000,Hiroshima-ken,"2,877,000","1,397,000","1,479,000",***,***,***,"21,577","11,572","10,005"
1994100000,1994,47000,Okinawa-ken,"1,262,000","619,000","643,000",***,***,***,"6,830","3,530","3,300"
1993100000,1993,0,All Japan,"124,938,000","61,317,000","63,621,000",***,***,***,"878,532","476,462","402,070"
1993100000,1993,1000,Hokkaido,"5,669,000","2,728,000","2,941,000",***,***,***,"39,884","22,403","17,481"
1993100000,1993,12000,Chiba-ken,"5,731,000","2,894,000","2,836,000",***,***,***,"32,000","17,663","14,337"
1993100000,1993,13000,Tokyo-to,"11,849,000","5,948,000","5,901,000",***,***,***,"74,758","40,896","33,862"
1993100000,1993,26000,Kyoto-fu,"2,618,000","1,273,000","1,345,000",***,***,***,"19,202","9,989","9,213"
1993100000,1993,27000,Osaka-fu,"8,762,000","4,311,000","4,451,000",***,***,***,"56,442","30,823","25,619"
1993100000,1993,34000,Hiroshima-ken,"2,873,000","1,396,000","1,477,000",***,***,***,"21,536","11,715","9,821"
1993100000,1993,47000,Okinawa-ken,"1,250,000","613,000","637,000",***,***,***,"7,023","3,678","3,345"
1992100000,1992,0,All Japan,"124,567,000","61,155,000","63,413,000",***,***,***,"856,643","465,544","391,099"
1992100000,1992,1000,Hokkaido,"5,661,000","2,726,000","2,935,000",***,***,***,"38,484","21,581","16,903"
1992100000,1992,12000,Chiba-ken,"5,679,000","2,868,000","2,812,000",***,***,***,"31,332","17,298","14,034"
1992100000,1992,13000,Tokyo-to,"11,887,000","5,976,000","5,910,000",***,***,***,"72,974","40,217","32,757"
1992100000,1992,26000,Kyoto-fu,"2,615,000","1,273,000","1,343,000",***,***,***,"18,822","9,829","8,993"
1992100000,1992,27000,Osaka-fu,"8,761,000","4,315,000","4,446,000",***,***,***,"54,914","29,996","24,918"
1992100000,1992,34000,Hiroshima-ken,"2,867,000","1,393,000","1,474,000",***,***,***,"21,229","11,596","9,633"
1992100000,1992,47000,Okinawa-ken,"1,239,000","607,000","632,000",***,***,***,"6,665","3,499","3,166"
1991100000,1991,0,All Japan,"124,101,000","60,934,000","63,167,000",***,***,***,"829,797","450,344","379,453"
1991100000,1991,1000,Hokkaido,"5,650,000","2,723,000","2,927,000",***,***,***,"36,872","20,905","15,967"
1991100000,1991,12000,Chiba-ken,"5,617,000","2,835,000","2,783,000",***,***,***,"29,651","16,315","13,336"
1991100000,1991,13000,Tokyo-to,"11,894,000","5,988,000","5,905,000",***,***,***,"70,675","38,733","31,942"
1991100000,1991,26000,Kyoto-fu,"2,608,000","1,270,000","1,338,000",***,***,***,"18,331","9,586","8,745"
1991100000,1991,27000,Osaka-fu,"8,750,000","4,313,000","4,437,000",***,***,***,"53,110","29,285","23,825"
1991100000,1991,34000,Hiroshima-ken,"2,859,000","1,388,000","1,470,000",***,***,***,"20,566","11,112","9,454"
1991100000,1991,47000,Okinawa-ken,"1,230,000","603,000","627,000",***,***,***,"6,263","3,260","3,003"
1990100000,1990,0,All Japan,"123,611,167","60,696,724","62,914,443",***,***,***,"820,305","443,718","376,587"
1990100000,1990,1000,Hokkaido,"5,643,647","2,722,988","2,920,659",***,***,***,"36,720","20,631","16,089"
1990100000,1990,12000,Chiba-ken,"5,555,429","2,802,774","2,752,655",***,***,***,"28,857","15,826","13,031"
1990100000,1990,13000,Tokyo-to,"11,855,563","5,969,773","5,885,790",***,***,***,"70,370","38,743","31,627"
1990100000,1990,26000,Kyoto-fu,"2,602,460","1,267,620","1,334,840",***,***,***,"18,031","9,400","8,631"
1990100000,1990,27000,Osaka-fu,"8,734,516","4,308,184","4,426,332",***,***,***,"52,844","28,887","23,957"
1990100000,1990,34000,Hiroshima-ken,"2,849,847","1,385,297","1,464,550",***,***,***,"20,468","11,027","9,441"
1990100000,1990,47000,Okinawa-ken,"1,222,398","598,669","623,729",***,***,***,"6,469","3,408","3,061"
1989100000,1989,0,All Japan,"123,205,000","60,515,000","62,690,000",***,***,***,"788,594","427,114","361,480"
1989100000,1989,1000,Hokkaido,"5,649,000","2,730,000","2,919,000",***,***,***,"36,080","20,277","15,803"
1989100000,1989,12000,Chiba-ken,"5,487,000","2,766,000","2,720,000",***,***,***,"27,480","15,252","12,228"
1989100000,1989,13000,Tokyo-to,"11,863,000","5,979,000","5,885,000",***,***,***,"67,629","37,160","30,469"
1989100000,1989,26000,Kyoto-fu,"2,604,000","1,270,000","1,335,000",***,***,***,"17,327","9,087","8,240"
1989100000,1989,27000,Osaka-fu,"8,744,000","4,316,000","4,428,000",***,***,***,"50,812","27,666","23,146"
1989100000,1989,34000,Hiroshima-ken,"2,843,000","1,382,000","1,460,000",***,***,***,"19,293","10,414","8,879"
1989100000,1989,47000,Okinawa-ken,"1,215,000","596,000","620,000",***,***,***,"5,818","3,163","2,655"
1988100000,1988,0,All Japan,"122,745,000","60,302,000","62,443,000",***,***,***,"793,014","428,094","364,920"
1988100000,1988,1000,Hokkaido,"5,656,000","2,737,000","2,918,000",***,***,***,"35,546","19,823","15,723"
1988100000,1988,12000,Chiba-ken,"5,403,000","2,722,000","2,681,000",***,***,***,"27,213","15,023","12,190"
1988100000,1988,13000,Tokyo-to,"11,873,000","5,986,000","5,887,000",***,***,***,"67,078","36,735","30,343"
1988100000,1988,26000,Kyoto-fu,"2,604,000","1,270,000","1,334,000",***,***,***,"17,608","9,196","8,412"
1988100000,1988,27000,Osaka-fu,"8,748,000","4,321,000","4,427,000",***,***,***,"50,704","27,749","22,955"
1988100000,1988,34000,Hiroshima-ken,"2,838,000","1,381,000","1,457,000",***,***,***,"19,487","10,632","8,855"
1988100000,1988,47000,Okinawa-ken,"1,208,000","593,000","615,000",***,***,***,"5,772","2,992","2,780"
1987100000,1987,0,All Japan,"122,239,000","60,058,000","62,181,000",***,***,***,"751,172","408,094","343,078"
1987100000,1987,1000,Hokkaido,"5,660,000","2,745,000","2,915,000",***,***,***,"33,521","19,043","14,478"
1987100000,1987,12000,Chiba-ken,"5,307,000","2,670,000","2,636,000",***,***,***,"25,526","14,169","11,357"
1987100000,1987,13000,Tokyo-to,"11,887,000","5,987,000","5,900,000",***,***,***,"63,879","35,108","28,771"
1987100000,1987,26000,Kyoto-fu,"2,601,000","1,270,000","1,331,000",***,***,***,"16,912","8,941","7,971"
1987100000,1987,27000,Osaka-fu,"8,737,000","4,317,000","4,420,000",***,***,***,"48,488","26,588","21,900"
1987100000,1987,34000,Hiroshima-ken,"2,834,000","1,380,000","1,454,000",***,***,***,"18,716","10,104","8,612"
1987100000,1987,47000,Okinawa-ken,"1,199,000","589,000","609,000",***,***,***,"5,580","2,879","2,701"
1986100000,1986,0,All Japan,"121,660,000","59,788,000","61,871,000",***,***,***,"750,620","406,918","343,702"
1986100000,1986,1000,Hokkaido,"5,673,000","2,757,000","2,916,000",***,***,***,"33,600","19,194","14,406"
1986100000,1986,12000,Chiba-ken,"5,219,000","2,625,000","2,594,000",***,***,***,"25,502","14,069","11,433"
1986100000,1986,13000,Tokyo-to,"11,888,000","5,986,000","5,902,000",***,***,***,"62,935","34,722","28,213"
1986100000,1986,26000,Kyoto-fu,"2,595,000","1,268,000","1,328,000",***,***,***,"16,864","8,807","8,057"
1986100000,1986,27000,Osaka-fu,"8,705,000","4,303,000","4,402,000",***,***,***,"48,266","26,306","21,960"
1986100000,1986,34000,Hiroshima-ken,"2,829,000","1,379,000","1,450,000",***,***,***,"19,138","10,142","8,996"
1986100000,1986,47000,Okinawa-ken,"1,188,000","585,000","603,000",***,***,***,"5,635","2,943","2,692"
1985100000,1985,0,All Japan,"121,048,923","59,497,316","61,551,607",***,***,***,"752,283","407,769","344,514"
1985100000,1985,1000,Hokkaido,"5,679,439","2,766,296","2,913,143",***,***,***,"34,314","19,242","15,072"
1985100000,1985,12000,Chiba-ken,"5,148,163","2,588,365","2,559,798",***,***,***,"24,891","13,800","11,091"
1985100000,1985,13000,Tokyo-to,"11,829,363","5,955,029","5,874,334",***,***,***,"62,499","34,265","28,234"
1985100000,1985,26000,Kyoto-fu,"2,586,574","1,264,035","1,322,539",***,***,***,"16,942","8,810","8,132"
1985100000,1985,27000,Osaka-fu,"8,668,095","4,286,445","4,381,650",***,***,***,"48,152","26,346","21,806"
1985100000,1985,34000,Hiroshima-ken,"2,819,200","1,373,853","1,445,347",***,***,***,"19,129","10,340","8,789"
1985100000,1985,47000,Okinawa-ken,"1,179,097","581,102","597,995",***,***,***,"5,283","2,792","2,491"
1984100000,1984,0,All Japan,"120,305,000","59,150,000","61,155,000",***,***,***,"740,247","402,220","338,027"
1984100000,1984,1000,Hokkaido,"5,672,000","2,769,000","2,903,000",***,***,***,"33,067","18,735","14,332"
1984100000,1984,12000,Chiba-ken,"5,079,000","2,554,000","2,525,000",***,***,***,"24,637","13,505","11,132"
1984100000,1984,13000,Tokyo-to,"11,759,000","5,922,000","5,837,000",***,***,***,"61,399","33,984","27,415"
1984100000,1984,26000,Kyoto-fu,"2,578,000","1,261,000","1,317,000",***,***,***,"16,637","8,751","7,886"
1984100000,1984,27000,Osaka-fu,"8,632,000","4,272,000","4,361,000",***,***,***,"46,916","25,786","21,130"
1984100000,1984,34000,Hiroshima-ken,"2,807,000","1,369,000","1,438,000",***,***,***,"18,540","10,059","8,481"
1984100000,1984,47000,Okinawa-ken,"1,161,000","572,000","589,000",***,***,***,"5,349","2,751","2,598"
1983100000,1983,0,All Japan,"119,536,000","58,786,000","60,750,000",***,***,***,"740,038","401,232","338,806"
1983100000,1983,1000,Hokkaido,"5,656,000","2,766,000","2,890,000",***,***,***,"33,517","19,047","14,470"
1983100000,1983,12000,Chiba-ken,"5,005,000","2,517,000","2,488,000",***,***,***,"24,676","13,469","11,207"
1983100000,1983,13000,Tokyo-to,"11,700,000","5,893,000","5,807,000",***,***,***,"60,768","33,690","27,078"
1983100000,1983,26000,Kyoto-fu,"2,569,000","1,257,000","1,312,000",***,***,***,"16,214","8,733","7,481"
1983100000,1983,27000,Osaka-fu,"8,588,000","4,252,000","4,337,000",***,***,***,"46,301","25,276","21,025"
1983100000,1983,34000,Hiroshima-ken,"2,793,000","1,362,000","1,430,000",***,***,***,"18,552","9,878","8,674"
1983100000,1983,47000,Okinawa-ken,"1,146,000","564,000","582,000",***,***,***,"5,541","2,833","2,708"
1982100000,1982,0,All Japan,"118,728,000","58,400,000","60,329,000",***,***,***,"711,883","385,494","326,389"
1982100000,1982,1000,Hokkaido,"5,630,000","2,757,000","2,873,000",***,***,***,"32,537","18,358","14,179"
1982100000,1982,12000,Chiba-ken,"4,923,000","2,476,000","2,447,000",***,***,***,"23,063","12,576","10,487"
1982100000,1982,13000,Tokyo-to,"11,650,000","5,868,000","5,783,000",***,***,***,"58,351","32,373","25,978"
1982100000,1982,26000,Kyoto-fu,"2,553,000","1,250,000","1,303,000",***,***,***,"16,059","8,320","7,739"
1982100000,1982,27000,Osaka-fu,"8,543,000","4,231,000","4,311,000",***,***,***,"44,578","24,474","20,104"
1982100000,1982,34000,Hiroshima-ken,"2,777,000","1,355,000","1,422,000",***,***,***,"17,778","9,567","8,211"
1982100000,1982,47000,Okinawa-ken,"1,132,000","557,000","575,000",***,***,***,"5,247","2,745","2,502"
1981100000,1981,0,All Japan,"117,902,000","58,001,000","59,901,000",***,***,***,"720,262","388,575","331,687"
1981100000,1981,1000,Hokkaido,"5,605,000","2,748,000","2,857,000",***,***,***,"32,701","18,507","14,194"
1981100000,1981,12000,Chiba-ken,"4,834,000","2,432,000","2,402,000",***,***,***,"23,502","12,789","10,713"
1981100000,1981,13000,Tokyo-to,"11,626,000","5,857,000","5,769,000",***,***,***,"58,747","32,102","26,645"
1981100000,1981,26000,Kyoto-fu,"2,539,000","1,244,000","1,295,000",***,***,***,"16,174","8,495","7,679"
1981100000,1981,27000,Osaka-fu,"8,509,000","4,217,000","4,291,000",***,***,***,"44,380","24,232","20,148"
1981100000,1981,34000,Hiroshima-ken,"2,761,000","1,348,000","1,413,000",***,***,***,"18,108","9,817","8,291"
1981100000,1981,47000,Okinawa-ken,"1,119,000","550,000","569,000",***,***,***,"5,330","2,771","2,559"
1980100000,1980,0,All Japan,"117,060,396","57,593,769","59,466,627",***,***,***,"722,801","390,644","332,157"
1980100000,1980,1000,Hokkaido,"5,575,989","2,737,089","2,838,900",***,***,***,"32,434","18,235","14,199"
1980100000,1980,12000,Chiba-ken,"4,735,424","2,383,157","2,352,267",***,***,***,"22,965","12,464","10,501"
1980100000,1980,13000,Tokyo-to,"11,618,281","5,856,280","5,762,001",***,***,***,"58,258","31,986","26,272"
1980100000,1980,26000,Kyoto-fu,"2,527,330","1,238,365","1,288,965",***,***,***,"16,059","8,492","7,567"
1980100000,1980,27000,Osaka-fu,"8,473,446","4,203,838","4,269,608",***,***,***,"44,272","24,326","19,946"
1980100000,1980,34000,Hiroshima-ken,"2,739,161","1,336,806","1,402,355",***,***,***,"18,235","9,860","8,375"
1980100000,1980,47000,Okinawa-ken,"1,106,559","543,692","562,867",***,***,***,"5,348","2,758","2,590"
1979100000,1979,0,All Japan,"116,155,000","57,151,000","59,004,000",***,***,***,"689,664","373,183","316,481"
1979100000,1979,1000,Hokkaido,"5,535,000","2,717,000","2,818,000",***,***,***,"31,091","17,730","13,361"
1979100000,1979,12000,Chiba-ken,"4,626,000","2,329,000","2,297,000",***,***,***,"22,131","12,014","10,117"
1979100000,1979,13000,Tokyo-to,"11,637,000","5,867,000","5,769,000",***,***,***,"55,758","30,759","24,999"
1979100000,1979,26000,Kyoto-fu,"2,512,000","1,232,000","1,280,000",***,***,***,"15,553","8,192","7,361"
1979100000,1979,27000,Osaka-fu,"8,445,000","4,193,000","4,253,000",***,***,***,"42,157","22,890","19,267"
1979100000,1979,34000,Hiroshima-ken,"2,717,000","1,325,000","1,391,000",***,***,***,"17,470","9,529","7,941"
1979100000,1979,47000,Okinawa-ken,"1,094,000","537,000","556,000",***,***,***,"5,066","2,611","2,455"
1978100000,1978,0,All Japan,"115,190,000","56,682,000","58,508,000",***,***,***,"695,821","375,625","320,196"
1978100000,1978,1000,Hokkaido,"5,490,000","2,695,000","2,795,000",***,***,***,"30,932","17,459","13,473"
1978100000,1978,12000,Chiba-ken,"4,508,000","2,271,000","2,237,000",***,***,***,"22,037","11,904","10,133"
1978100000,1978,13000,Tokyo-to,"11,659,000","5,883,000","5,776,000",***,***,***,"56,343","30,799","25,544"
1978100000,1978,26000,Kyoto-fu,"2,494,000","1,224,000","1,271,000",***,***,***,"15,464","8,203","7,261"
1978100000,1978,27000,Osaka-fu,"8,412,000","4,180,000","4,232,000",***,***,***,"41,737","22,542","19,195"
1978100000,1978,34000,Hiroshima-ken,"2,703,000","1,320,000","1,383,000",***,***,***,"17,257","9,374","7,883"
1978100000,1978,47000,Okinawa-ken,"1,081,000","530,000","551,000",***,***,***,"5,153","2,647","2,506"
1977100000,1977,0,All Japan,"114,165,000","56,184,000","57,981,000",***,***,***,"690,074","372,175","317,899"
1977100000,1977,1000,Hokkaido,"5,443,000","2,673,000","2,770,000",***,***,***,"30,428","17,037","13,391"
1977100000,1977,12000,Chiba-ken,"4,382,000","2,209,000","2,173,000",***,***,***,"21,670","11,766","9,904"
1977100000,1977,13000,Tokyo-to,"11,669,000","5,894,000","5,775,000",***,***,***,"54,677","30,246","24,431"
1977100000,1977,26000,Kyoto-fu,"2,474,000","1,214,000","1,260,000",***,***,***,"15,260","7,972","7,288"
1977100000,1977,27000,Osaka-fu,"8,373,000","4,167,000","4,207,000",***,***,***,"41,459","22,648","18,811"
1977100000,1977,34000,Hiroshima-ken,"2,689,000","1,315,000","1,374,000",***,***,***,"17,358","9,412","7,946"
1977100000,1977,47000,Okinawa-ken,"1,071,000","526,000","545,000",***,***,***,"5,276","2,686","2,590"
1976100000,1976,0,All Japan,"113,094,000","55,658,000","57,436,000",***,***,***,"703,270","378,630","324,640"
1976100000,1976,1000,Hokkaido,"5,395,000","2,650,000","2,745,000",***,***,***,"30,177","17,040","13,137"
1976100000,1976,12000,Chiba-ken,"4,267,000","2,153,000","2,114,000",***,***,***,"21,752","11,630","10,122"
1976100000,1976,13000,Tokyo-to,"11,674,000","5,904,000","5,770,000",***,***,***,"54,646","30,027","24,619"
1976100000,1976,26000,Kyoto-fu,"2,452,000","1,203,000","1,249,000",***,***,***,"15,544","8,175","7,369"
1976100000,1976,27000,Osaka-fu,"8,330,000","4,151,000","4,179,000",***,***,***,"42,075","22,831","19,244"
1976100000,1976,34000,Hiroshima-ken,"2,670,000","1,307,000","1,363,000",***,***,***,"18,003","9,683","8,320"
1976100000,1976,47000,Okinawa-ken,"1,058,000","519,000","539,000",***,***,***,"5,336","2,784","2,552"
1975100000,1975,0,All Japan,"111,939,643","55,090,673","56,848,970",***,***,***,"702,275","377,827","324,448"
1975100000,1975,1000,Hokkaido,"5,338,206","2,621,285","2,716,921",***,***,***,"31,037","17,407","13,630"
1975100000,1975,12000,Chiba-ken,"4,149,147","2,095,295","2,053,852",***,***,***,"21,768","11,783","9,985"
1975100000,1975,13000,Tokyo-to,"11,673,554","5,913,373","5,760,181",***,***,***,"55,323","30,303","25,020"
1975100000,1975,26000,Kyoto-fu,"2,424,856","1,190,854","1,234,002",***,***,***,"15,460","8,041","7,419"
1975100000,1975,27000,Osaka-fu,"8,278,925","4,132,495","4,146,430",***,***,***,"41,299","22,430","18,869"
1975100000,1975,34000,Hiroshima-ken,"2,646,324","1,296,677","1,349,647",***,***,***,"18,057","9,629","8,428"
1975100000,1975,47000,Okinawa-ken,"1,042,572","510,754","531,818",***,***,***,"5,667","2,897","2,770"
